condition,pipeline,n_samples,baseline_accuracy,robust_accuracy,delta_pp_accuracy,baseline_precision,robust_precision,delta_pp_precision,baseline_ai_recall,robust_ai_recall,delta_pp_ai_recall,baseline_ai_f1,robust_ai_f1,delta_pp_ai_f1,baseline_roc_auc,robust_roc_auc,delta_pp_roc_auc,baseline_ai_fnr,robust_ai_fnr,delta_pp_ai_fnr,baseline_real_recall,robust_real_recall,delta_pp_real_recall,baseline_fpr,robust_fpr,delta_pp_fpr,baseline_tn,baseline_fp,baseline_fn,baseline_tp,robust_tn,robust_fp,robust_fn,robust_tp
clean,none,1186,0.9072512647554806,0.8895446880269815,-1.7706576728499068,0.9033898305084745,0.8651685393258427,-3.8221291182631845,0.909556313993174,0.9197952218430034,1.0238907849829393,0.9064625850340136,0.891645988420182,-1.4816596613831612,0.9648848122866894,0.9590984072810012,-0.5786405005688278,0.09044368600682595,0.08020477815699656,-1.0238907849829393,0.905,0.86,-4.5000000000000036,0.09499999999999997,0.14,4.5000000000000036,543,57,53,533,516,84,47,539
jpeg_q90,jpeg(Q90),1186,0.872681281618887,0.8819561551433389,0.9274873524451888,0.8877005347593583,0.8585209003215434,-2.9179634437814905,0.8498293515358362,0.9112627986348123,6.1433447098976135,0.8683522231909329,0.8841059602649006,1.5753737073967766,0.9431513083048919,0.953410125142207,1.025881683731511,0.15017064846416384,0.0887372013651877,-6.1433447098976135,0.895,0.8533333333333334,-4.1666666666666625,0.10499999999999998,0.1466666666666666,4.1666666666666625,537,63,88,498,512,88,52,534
jpeg_q70,jpeg(Q70),1186,0.8271500843170321,0.872681281618887,4.553119730185495,0.8848484848484849,0.8525121555915721,-3.2336329256912766,0.7474402730375427,0.8976109215017065,15.017064846416384,0.8103607770582794,0.8744804655029094,6.411968844463001,0.9066481797497156,0.9503256541524459,4.367747440273028,0.2525597269624573,0.10238907849829348,-15.017064846416384,0.905,0.8483333333333334,-5.666666666666664,0.09499999999999997,0.15166666666666662,5.666666666666664,543,57,148,438,509,91,60,526
jpeg_q50,jpeg(Q50),1186,0.7934232715008431,0.8718381112984823,7.841483979763919,0.8763796909492274,0.8557377049180328,-2.0641986031194604,0.6774744027303754,0.8907849829351536,21.331058020477823,0.7641963426371511,0.8729096989966555,10.871335635950441,0.8755474971558589,0.9459755403868032,7.0428043230944315,0.3225255972696246,0.10921501706484638,-21.331058020477823,0.9066666666666666,0.8533333333333334,-5.333333333333323,0.09333333333333338,0.1466666666666666,5.333333333333323,544,56,189,397,512,88,64,522
jpeg_q30,jpeg(Q30),1186,0.7428330522765598,0.8659359190556493,12.310286677908945,0.8807588075880759,0.8564273789649416,-2.433142862313431,0.5546075085324232,0.8754266211604096,32.081911262798634,0.680628272251309,0.8658227848101265,18.51945125588176,0.8442207053469852,0.9369539249146758,9.273321956769054,0.44539249146757676,0.12457337883959041,-32.081911262798634,0.9266666666666666,0.8566666666666667,-6.999999999999995,0.07333333333333336,0.1433333333333333,6.999999999999995,556,44,261,325,514,86,73,513
resize_075,resize(0.75),1186,0.8684654300168634,0.8743676222596964,0.590219224283306,0.8125,0.8246656760772659,1.216567607726593,0.9539249146757679,0.947098976109215,-0.6825938566552892,0.8775510204081632,0.8816521048451151,0.4101084436951896,0.9560253128555177,0.9623321956769055,0.6306882821387805,0.0460750853242321,0.05290102389078499,0.6825938566552892,0.785,0.8033333333333333,1.8333333333333313,0.21499999999999997,0.19666666666666666,-1.8333333333333313,471,129,27,559,482,118,31,555
resize_050,resize(0.50),1186,0.7706576728499157,0.8532883642495784,8.263069139966273,0.6938271604938272,0.7934472934472935,9.962013295346628,0.9590443686006825,0.9505119453924915,-0.8532423208191031,0.8051575931232091,0.8649068322981367,5.974923917492758,0.9273250853242322,0.9529095563139931,2.558447098976091,0.04095563139931746,0.04948805460750849,0.8532423208191031,0.5866666666666667,0.7583333333333333,17.166666666666664,0.41333333333333333,0.2416666666666667,-17.166666666666664,352,248,24,562,455,145,29,557
resize_025,resize(0.25),1186,0.5370994940978078,0.6492411467116358,11.214165261382803,0.5180487804878049,0.5902335456475584,7.218476515975347,0.9061433447098977,0.9488054607508533,4.2662116040955596,0.659217877094972,0.7277486910994765,6.853081400450445,0.6679763936291241,0.8391766211604095,17.120022753128538,0.09385665529010234,0.05119453924914674,-4.2662116040955596,0.17666666666666667,0.3566666666666667,18.000000000000004,0.8233333333333334,0.6433333333333333,-18.000000000000004,106,494,55,531,214,386,30,556
recomp_q90_p2,recomp(Q90)x2,1186,0.872681281618887,0.8853288364249579,1.2647554806070826,0.889087656529517,0.8617363344051447,-2.73513221243723,0.8481228668941979,0.9146757679180887,6.655290102389078,0.868122270742358,0.8874172185430463,1.92949478006883,0.9428057451649602,0.9534499431171787,1.0644197952218493,0.1518771331058021,0.08532423208191131,-6.655290102389078,0.8966666666666666,0.8566666666666667,-3.9999999999999925,0.10333333333333339,0.1433333333333333,3.9999999999999925,538,62,89,497,514,86,50,536
recomp_q70_p2,recomp(Q70)x2,1186,0.8271500843170321,0.8735244519392917,4.637436762225966,0.8879837067209776,0.8562091503267973,-3.1774556394180253,0.7440273037542662,0.89419795221843,15.017064846416384,0.8096564531104921,0.8747913188647746,6.513486575428251,0.9062059158134242,0.9504138225255971,4.42079067121729,0.2559726962457338,0.10580204778156999,-15.017064846416384,0.9083333333333333,0.8533333333333334,-5.499999999999994,0.09166666666666667,0.1466666666666666,5.499999999999994,545,55,150,436,512,88,62,524
recomp_q50_p2,recomp(Q50)x2,1186,0.7917369308600337,0.8718381112984823,8.01011804384486,0.8775055679287305,0.8569078947368421,-2.059767319188832,0.6723549488054608,0.8890784982935154,21.672354948805463,0.7613526570048309,0.8726968174204355,11.134416041560458,0.8749658703071672,0.9461035267349261,7.113765642775894,0.32764505119453924,0.11092150170648463,-21.672354948805463,0.9083333333333333,0.855,-5.333333333333334,0.09166666666666667,0.14500000000000002,5.333333333333334,545,55,192,394,513,87,65,521
recomp_q30_p2,recomp(Q30)x2,1186,0.7428330522765598,0.8676222596964587,12.478920741989885,0.8828337874659401,0.8592964824120602,-2.3537305053879853,0.552901023890785,0.8754266211604096,32.25255972696246,0.6799580272822665,0.8672865595942519,18.732853231198543,0.8438836746302618,0.9372724687144482,9.338879408418643,0.447098976109215,0.12457337883959041,-32.25255972696246,0.9283333333333333,0.86,-6.833333333333336,0.07166666666666666,0.14,6.833333333333336,557,43,262,324,516,84,73,513
c1_resize_jpeg,resize(0.50)->jpeg(Q50),1186,0.7335581787521079,0.8288364249578415,9.527824620573355,0.8515625,0.7779390420899854,-7.362345791001457,0.5580204778156996,0.9146757679180887,35.665529010238906,0.6742268041237114,0.8407843137254902,16.655750960177883,0.863815415244596,0.9213879408418657,5.757252559726966,0.44197952218430037,0.08532423208191131,-35.665529010238906,0.905,0.745,-16.000000000000004,0.09499999999999997,0.255,16.000000000000004,543,57,259,327,447,153,50,536
c2_jpeg_resize,jpeg(Q50)->resize(0.50),1186,0.7715008431703204,0.8541315345699831,8.263069139966273,0.7190542420027817,0.8041237113402062,8.506946933742455,0.8822525597269625,0.931740614334471,4.948805460750849,0.7923371647509578,0.8632411067193676,7.090394196840977,0.878387372013652,0.9416780432309442,6.329067121729215,0.11774744027303752,0.06825938566552903,-4.948805460750849,0.6633333333333333,0.7783333333333333,11.5,0.33666666666666667,0.22166666666666668,-11.5,398,202,69,517,467,133,40,546
c3_resize_jpeg_jpeg,resize(0.50)->jpeg(Q50)->jpeg(Q50),1186,0.7310286677908938,0.8254637436762225,9.443507588532874,0.856,0.7734487734487735,-8.255122655122648,0.5477815699658704,0.9146757679180887,36.68941979522183,0.668054110301769,0.838154808444097,17.010069814232796,0.8647966439135383,0.921282707622298,5.648606370875974,0.45221843003412965,0.08532423208191131,-36.68941979522183,0.91,0.7383333333333333,-17.166666666666675,0.08999999999999997,0.2616666666666667,17.166666666666675,546,54,265,321,443,157,50,536
