split,label,generator,filename,true_label,predicted_label,ai_prob,correct
test,real,real,real_00486.jpeg,0,0,4.867141797149088e-06,1
test,real,real,real_00382.jpeg,0,0,2.253767888760194e-06,1
test,real,real,real_00117.jpeg,0,0,0.016108110547065735,1
test,real,real,real_00354.jpeg,0,0,2.91279911834863e-06,1
test,real,real,real_00076.jpeg,0,0,0.0032474545296281576,1
test,real,real,real_00395.jpeg,0,0,1.0474866940057836e-05,1
test,real,real,real_00348.jpeg,0,0,0.400046169757843,1
test,real,real,real_00307.jpeg,0,0,0.00011259737948421389,1
test,real,real,real_00438.jpeg,0,0,3.2356068935257554e-09,1
test,real,real,real_00393.jpeg,0,0,0.001040002447552979,1
test,real,real,real_00566.jpeg,0,0,0.00014236099377740175,1
test,real,real,real_00055.jpeg,0,0,0.11481049656867981,1
test,real,real,real_00416.jpeg,0,0,0.0009315320639871061,1
test,real,real,real_00304.jpeg,0,0,1.2150385142462028e-09,1
test,real,real,real_00135.jpeg,0,0,0.2826039493083954,1
test,real,real,real_00387.jpeg,0,0,2.707134738599848e-09,1
test,real,real,real_00040.jpeg,0,0,2.1270114302751608e-05,1
test,real,real,real_00563.jpeg,0,0,0.0021266776602715254,1
test,real,real,real_00457.jpeg,0,0,0.27357757091522217,1
test,real,real,real_00561.jpeg,0,0,1.0789564839797094e-05,1
test,real,real,real_00288.jpeg,0,0,0.24040330946445465,1
test,real,real,real_00271.jpeg,0,0,0.01098193321377039,1
test,real,real,real_00185.jpeg,0,0,0.09183899313211441,1
test,real,real,real_00216.jpeg,0,0,0.0010239799739792943,1
test,real,real,real_00180.jpeg,0,1,0.7445067167282104,0
test,real,real,real_00189.jpeg,0,0,0.07473357021808624,1
test,real,real,real_00396.jpeg,0,0,0.007993006147444248,1
test,real,real,real_00131.jpeg,0,0,0.0003159660554956645,1
test,real,real,real_00557.jpeg,0,0,0.002858447376638651,1
test,real,real,real_00266.jpeg,0,0,9.809090784074215e-08,1
test,real,real,real_00207.jpeg,0,0,3.09720344375819e-05,1
test,real,real,real_00141.jpeg,0,1,0.9617353677749634,0
test,real,real,real_00407.jpeg,0,1,0.9998763799667358,0
test,real,real,real_00026.jpeg,0,0,0.1951100081205368,1
test,real,real,real_00046.jpeg,0,0,0.0017309521790593863,1
test,real,real,real_00585.jpeg,0,0,0.0005821909289807081,1
test,real,real,real_00206.jpeg,0,1,0.9778081178665161,0
test,real,real,real_00297.jpeg,0,0,0.0012447306653484702,1
test,real,real,real_00401.jpeg,0,0,3.211212606402114e-05,1
test,real,real,real_00339.jpeg,0,0,0.0042663156054914,1
test,real,real,real_00403.jpeg,0,1,0.8006093502044678,0
test,real,real,real_00344.jpeg,0,0,0.001279026153497398,1
test,real,real,real_00560.jpeg,0,0,0.03304591774940491,1
test,real,real,real_00553.jpeg,0,0,0.013173096813261509,1
test,real,real,real_00598.jpeg,0,0,0.00034356440301053226,1
test,real,real,real_00497.jpeg,0,0,0.06432129442691803,1
test,real,real,real_00253.jpeg,0,0,2.500153946718986e-13,1
test,real,real,real_00577.jpeg,0,0,1.3365831819101004e-07,1
test,real,real,real_00394.jpeg,0,0,0.003390562953427434,1
test,real,real,real_00445.jpeg,0,0,0.2478092908859253,1
test,real,real,real_00050.jpeg,0,0,0.06365567445755005,1
test,real,real,real_00269.jpeg,0,0,4.879883999819867e-05,1
test,real,real,real_00151.jpeg,0,1,0.9069333076477051,0
test,real,real,real_00190.jpeg,0,0,1.550577479747517e-07,1
test,real,real,real_00250.jpeg,0,0,0.006118752062320709,1
test,real,real,real_00257.jpeg,0,0,0.019098248332738876,1
test,real,real,real_00008.jpeg,0,0,7.868547072575893e-06,1
test,real,real,real_00398.jpeg,0,0,0.14967402815818787,1
test,real,real,real_00322.jpeg,0,0,0.0017807327676564455,1
test,real,real,real_00230.jpeg,0,0,0.34225478768348694,1
test,real,real,real_00219.jpeg,0,0,0.007582127116620541,1
test,real,real,real_00550.jpeg,0,0,0.008310425095260143,1
test,real,real,real_00528.jpeg,0,0,0.0002800899965222925,1
test,real,real,real_00039.jpeg,0,0,0.013449649326503277,1
test,real,real,real_00274.jpeg,0,1,0.5650606751441956,0
test,real,real,real_00414.jpeg,0,0,0.19357652962207794,1
test,real,real,real_00038.jpeg,0,0,0.025913773104548454,1
test,real,real,real_00434.jpeg,0,0,0.028396422043442726,1
test,real,real,real_00279.jpeg,0,0,0.002893292810767889,1
test,real,real,real_00077.jpeg,0,0,0.09161977469921112,1
test,real,real,real_00312.jpeg,0,0,0.19316433370113373,1
test,real,real,real_00482.jpeg,0,0,0.0035628220066428185,1
test,real,real,real_00178.jpeg,0,0,0.3910534977912903,1
test,real,real,real_00535.jpeg,0,0,0.10026245564222336,1
test,real,real,real_00345.jpeg,0,0,0.0019470748957246542,1
test,real,real,real_00019.jpeg,0,0,0.0005078777903690934,1
test,real,real,real_00143.jpeg,0,0,0.0002866796276066452,1
test,real,real,real_00496.jpeg,0,0,0.023552507162094116,1
test,real,real,real_00522.jpeg,0,0,5.370580282576531e-13,1
test,real,real,real_00451.jpeg,0,0,4.9306090659229085e-06,1
test,real,real,real_00371.jpeg,0,0,1.0441664926474914e-05,1
test,real,real,real_00060.jpeg,0,1,0.5774404406547546,0
test,real,real,real_00410.jpeg,0,0,0.24571257829666138,1
test,real,real,real_00248.jpeg,0,1,0.6174241900444031,0
test,real,real,real_00043.jpeg,0,1,0.8989180326461792,0
test,real,real,real_00104.jpeg,0,0,0.00010372792166890576,1
test,real,real,real_00238.jpeg,0,0,0.00022813268878962845,1
test,real,real,real_00251.jpeg,0,0,0.00047832168638706207,1
test,real,real,real_00017.jpeg,0,0,5.1795897888951004e-05,1
test,real,real,real_00500.jpeg,0,0,0.004752614535391331,1
test,real,real,real_00056.jpeg,0,0,0.0038349947426468134,1
test,real,real,real_00227.jpeg,0,0,0.0009593154536560178,1
test,real,real,real_00347.jpeg,0,0,3.2677007766324095e-07,1
test,real,real,real_00176.jpeg,0,1,0.5747121572494507,0
test,real,real,real_00085.jpeg,0,0,4.23897072323598e-05,1
test,real,real,real_00586.jpeg,0,0,4.613882992998697e-06,1
test,real,real,real_00193.jpeg,0,0,6.81305245961994e-05,1
test,real,real,real_00018.jpeg,0,1,0.9847903847694397,0
test,real,real,real_00342.jpeg,0,0,0.03327861800789833,1
test,real,real,real_00359.jpeg,0,1,0.9778138399124146,0
test,real,real,real_00163.jpeg,0,0,0.4584677517414093,1
test,real,real,real_00527.jpeg,0,0,0.00010309524077456445,1
test,real,real,real_00444.jpeg,0,0,0.000583038607146591,1
test,real,real,real_00440.jpeg,0,0,0.01449145283550024,1
test,real,real,real_00096.jpeg,0,0,0.2733023464679718,1
test,real,real,real_00165.jpeg,0,0,0.08420076966285706,1
test,real,real,real_00576.jpeg,0,1,0.9787866473197937,0
test,real,real,real_00375.jpeg,0,0,0.0025221535470336676,1
test,real,real,real_00300.jpeg,0,0,0.00015332027396652848,1
test,real,real,real_00503.jpeg,0,0,0.35232987999916077,1
test,real,real,real_00499.jpeg,0,0,0.008018347434699535,1
test,real,real,real_00283.jpeg,0,0,9.404258207723615e-07,1
test,real,real,real_00160.jpeg,0,1,0.6871650218963623,0
test,real,real,real_00260.jpeg,0,0,0.017852291464805603,1
test,real,real,real_00208.jpeg,0,0,2.5450647811453564e-08,1
test,real,real,real_00262.jpeg,0,0,0.013534161262214184,1
test,real,real,real_00213.jpeg,0,0,0.1804428994655609,1
test,real,real,real_00476.jpeg,0,0,2.010596108448226e-05,1
test,real,real,real_00092.jpeg,0,1,0.6853481531143188,0
test,real,real,real_00324.jpeg,0,1,0.7775399684906006,0
test,real,real,real_00425.jpeg,0,1,0.7113059163093567,0
test,real,real,real_00559.jpeg,0,0,5.776281341240974e-06,1
test,real,real,real_00015.jpeg,0,0,7.114879707614818e-08,1
test,real,real,real_00562.jpeg,0,0,0.011794127523899078,1
test,real,real,real_00514.jpeg,0,0,2.2075567827732623e-13,1
test,real,real,real_00580.jpeg,0,0,6.981828482821584e-05,1
test,real,real,real_00202.jpeg,0,0,0.009455117397010326,1
test,real,real,real_00402.jpeg,0,0,9.53839176531801e-08,1
test,real,real,real_00057.jpeg,0,0,9.422415132576134e-06,1
test,real,real,real_00007.jpeg,0,0,0.12434594333171844,1
test,real,real,real_00388.jpeg,0,0,0.37732937932014465,1
test,real,real,real_00016.jpeg,0,0,4.465882330606519e-09,1
test,real,real,real_00506.jpeg,0,0,0.11520953476428986,1
test,real,real,real_00028.jpeg,0,0,0.0024674255400896072,1
test,real,real,real_00572.jpeg,0,1,0.5453744530677795,0
test,real,real,real_00381.jpeg,0,0,0.029685312882065773,1
test,real,real,real_00268.jpeg,0,0,0.030907558277249336,1
test,real,real,real_00512.jpeg,0,0,0.05902164429426193,1
test,real,real,real_00006.jpeg,0,1,0.9834122657775879,0
test,real,real,real_00289.jpeg,0,0,0.03509621322154999,1
test,real,real,real_00519.jpeg,0,0,0.0002896716177929193,1
test,real,real,real_00252.jpeg,0,0,2.6879249617195455e-06,1
test,real,real,real_00211.jpeg,0,0,2.3802533178240992e-05,1
test,real,real,real_00147.jpeg,0,0,0.026521118357777596,1
test,real,real,real_00181.jpeg,0,1,0.9869909882545471,0
test,real,real,real_00458.jpeg,0,0,0.00035320399911142886,1
test,real,real,real_00329.jpeg,0,0,3.094123712799046e-06,1
test,real,real,real_00545.jpeg,0,0,0.016269583255052567,1
test,real,real,real_00568.jpeg,0,0,0.014946200884878635,1
test,real,real,real_00031.jpeg,0,0,0.002876607934013009,1
test,real,real,real_00171.jpeg,0,0,8.276882908830885e-06,1
test,real,real,real_00320.jpeg,0,0,8.96929414011538e-05,1
test,real,real,real_00083.jpeg,0,0,0.0018065031617879868,1
test,real,real,real_00012.jpeg,0,1,0.7418192625045776,0
test,real,real,real_00357.jpeg,0,0,0.010998575948178768,1
test,real,real,real_00346.jpeg,0,0,0.0041912333108484745,1
test,real,real,real_00450.jpeg,0,0,0.47570595145225525,1
test,real,real,real_00356.jpeg,0,0,0.06784697622060776,1
test,real,real,real_00594.jpeg,0,0,0.0038398655597120523,1
test,real,real,real_00048.jpeg,0,0,0.19092991948127747,1
test,real,real,real_00158.jpeg,0,0,2.1155150534468703e-05,1
test,real,real,real_00521.jpeg,0,0,0.07206891477108002,1
test,real,real,real_00285.jpeg,0,0,0.18945802748203278,1
test,real,real,real_00270.jpeg,0,0,6.009662683936767e-05,1
test,real,real,real_00533.jpeg,0,0,0.11511918157339096,1
test,real,real,real_00494.jpeg,0,0,0.0013583202380686998,1
test,real,real,real_00317.jpeg,0,0,0.2560541331768036,1
test,real,real,real_00296.jpeg,0,0,1.7584838133188896e-05,1
test,real,real,real_00237.jpeg,0,0,2.2552665086550405e-06,1
test,real,real,real_00242.jpeg,0,0,0.12532947957515717,1
test,real,real,real_00584.jpeg,0,1,0.9800217747688293,0
test,real,real,real_00570.jpeg,0,0,0.031704939901828766,1
test,real,real,real_00133.jpeg,0,0,0.0035341340117156506,1
test,real,real,real_00047.jpeg,0,0,0.0002885695721488446,1
test,real,real,real_00480.jpeg,0,0,0.0009212748263962567,1
test,real,real,real_00210.jpeg,0,0,0.000485843513160944,1
test,real,real,real_00301.jpeg,0,0,0.08799877762794495,1
test,real,real,real_00574.jpeg,0,0,0.1837543398141861,1
test,real,real,real_00134.jpeg,0,0,0.2030714601278305,1
test,real,real,real_00597.jpeg,0,1,0.9097087383270264,0
test,real,real,real_00281.jpeg,0,1,0.6958930492401123,0
test,real,real,real_00332.jpeg,0,0,0.05137094855308533,1
test,real,real,real_00415.jpeg,0,0,1.804144267225638e-05,1
test,real,real,real_00093.jpeg,0,0,0.022277895361185074,1
test,real,real,real_00526.jpeg,0,0,3.1993070592761796e-07,1
test,real,real,real_00259.jpeg,0,0,3.37016572302673e-05,1
test,real,real,real_00128.jpeg,0,0,0.23488964140415192,1
test,real,real,real_00173.jpeg,0,0,0.005996787454932928,1
test,real,real,real_00005.jpeg,0,0,1.7319343181831925e-10,1
test,real,real,real_00532.jpeg,0,1,0.7600648999214172,0
test,real,real,real_00061.jpeg,0,0,2.1212480305621284e-07,1
test,real,real,real_00313.jpeg,0,0,4.2201951146125793e-05,1
test,real,real,real_00130.jpeg,0,0,0.0004332236712798476,1
test,real,real,real_00454.jpeg,0,0,1.9793875253526494e-05,1
test,real,real,real_00204.jpeg,0,0,0.0008604496251791716,1
test,real,real,real_00337.jpeg,0,0,0.023058108985424042,1
test,real,real,real_00195.jpeg,0,0,0.0004511316947173327,1
test,real,real,real_00187.jpeg,0,0,6.207602609720198e-07,1
test,real,real,real_00489.jpeg,0,0,1.1049291259723759e-07,1
test,real,real,real_00385.jpeg,0,0,0.026528308168053627,1
test,real,real,real_00221.jpeg,0,0,5.219196100370027e-05,1
test,real,real,real_00027.jpeg,0,1,0.6904648542404175,0
test,real,real,real_00022.jpeg,0,0,5.4286214435705915e-05,1
test,real,real,real_00331.jpeg,0,0,0.2813781797885895,1
test,real,real,real_00159.jpeg,0,0,2.334304099349538e-06,1
test,real,real,real_00068.jpeg,0,0,0.09771452099084854,1
test,real,real,real_00127.jpeg,0,0,8.926099326345138e-07,1
test,real,real,real_00420.jpeg,0,0,0.1562829166650772,1
test,real,real,real_00510.jpeg,0,0,1.5246089787979145e-05,1
test,real,real,real_00106.jpeg,0,0,0.02958311326801777,1
test,real,real,real_00599.jpeg,0,0,3.174068115185946e-05,1
test,real,real,real_00419.jpeg,0,0,0.00023031714954413474,1
test,real,real,real_00286.jpeg,0,0,0.24349093437194824,1
test,real,real,real_00341.jpeg,0,0,0.004603843670338392,1
test,real,real,real_00263.jpeg,0,0,0.0015004926826804876,1
test,real,real,real_00255.jpeg,0,1,0.6583597660064697,0
test,real,real,real_00335.jpeg,0,0,0.0014560817508026958,1
test,real,real,real_00174.jpeg,0,0,0.0007139922236092389,1
test,real,real,real_00243.jpeg,0,0,0.2172686606645584,1
test,real,real,real_00140.jpeg,0,0,0.3626594543457031,1
test,real,real,real_00582.jpeg,0,0,0.00012093874829588458,1
test,real,real,real_00542.jpeg,0,1,0.513684093952179,0
test,real,real,real_00547.jpeg,0,0,7.249550293408902e-08,1
test,real,real,real_00287.jpeg,0,1,0.7439774870872498,0
test,real,real,real_00144.jpeg,0,0,0.004208336118608713,1
test,real,real,real_00214.jpeg,0,0,0.00017708992527332157,1
test,real,real,real_00234.jpeg,0,1,0.6454522013664246,0
test,real,real,real_00595.jpeg,0,0,0.0002140364667866379,1
test,real,real,real_00075.jpeg,0,0,9.607287188018176e-11,1
test,real,real,real_00295.jpeg,0,0,0.02363506890833378,1
test,real,real,real_00070.jpeg,0,0,0.005707362666726112,1
test,real,real,real_00148.jpeg,0,0,2.8570713084263843e-07,1
test,real,real,real_00491.jpeg,0,0,0.19513718783855438,1
test,real,real,real_00090.jpeg,0,0,0.001985239563509822,1
test,real,real,real_00063.jpeg,0,0,0.13025948405265808,1
test,real,real,real_00334.jpeg,0,0,0.0038699458818882704,1
test,real,real,real_00530.jpeg,0,0,0.001549174077808857,1
test,real,real,real_00069.jpeg,0,0,0.010216246359050274,1
test,real,real,real_00109.jpeg,0,0,1.4245249985833652e-05,1
test,real,real,real_00321.jpeg,0,0,0.411693811416626,1
test,real,real,real_00126.jpeg,0,0,0.23906686902046204,1
test,real,real,real_00358.jpeg,0,0,0.20475944876670837,1
test,real,real,real_00364.jpeg,0,0,0.0010434591677039862,1
test,real,real,real_00209.jpeg,0,0,0.028744475916028023,1
test,real,real,real_00292.jpeg,0,0,0.11520559340715408,1
test,real,real,real_00473.jpeg,0,0,0.004061942454427481,1
test,real,real,real_00367.jpeg,0,0,0.00010077116166939959,1
test,real,real,real_00228.jpeg,0,0,0.004436064045876265,1
test,real,real,real_00463.jpeg,0,0,1.7728914372128202e-06,1
test,real,real,real_00529.jpeg,0,1,0.9756200909614563,0
test,real,real,real_00376.jpeg,0,0,1.5363364127551904e-06,1
test,real,real,real_00089.jpeg,0,0,0.031603820621967316,1
test,real,real,real_00409.jpeg,0,0,7.338285649893805e-05,1
test,real,real,real_00456.jpeg,0,0,0.0005252831033430994,1
test,real,real,real_00378.jpeg,0,0,0.0154883349314332,1
test,real,real,real_00596.jpeg,0,0,0.019426049664616585,1
test,real,real,real_00477.jpeg,0,0,0.04121742770075798,1
test,real,real,real_00261.jpeg,0,0,2.2112976694188546e-06,1
test,real,real,real_00273.jpeg,0,0,0.17315149307250977,1
test,real,real,real_00100.jpeg,0,0,6.359095194863329e-11,1
test,real,real,real_00080.jpeg,0,0,9.155797329185589e-07,1
test,real,real,real_00009.jpeg,0,1,0.906705379486084,0
test,real,real,real_00167.jpeg,0,0,4.85492146484745e-10,1
test,real,real,real_00571.jpeg,0,1,0.9656751155853271,0
test,real,real,real_00218.jpeg,0,0,1.08781096059829e-05,1
test,real,real,real_00355.jpeg,0,0,0.023441102355718613,1
test,real,real,real_00406.jpeg,0,0,0.12915357947349548,1
test,real,real,real_00302.jpeg,0,0,0.24937143921852112,1
test,real,real,real_00010.jpeg,0,1,0.8660664558410645,0
test,real,real,real_00405.jpeg,0,0,4.237269240547903e-05,1
test,real,real,real_00447.jpeg,0,0,0.0004474839079193771,1
test,real,real,real_00379.jpeg,0,0,0.005903720855712891,1
test,real,real,real_00319.jpeg,0,0,0.3637041449546814,1
test,real,real,real_00543.jpeg,0,0,0.36008334159851074,1
test,real,real,real_00539.jpeg,0,0,0.09912711381912231,1
test,real,real,real_00579.jpeg,0,0,0.058106403797864914,1
test,real,real,real_00459.jpeg,0,1,0.5559413433074951,0
test,real,real,real_00587.jpeg,0,0,5.262005053907615e-09,1
test,real,real,real_00114.jpeg,0,0,0.0004367854562588036,1
test,real,real,real_00479.jpeg,0,0,1.0747154192358721e-05,1
test,real,real,real_00488.jpeg,0,0,0.04892445355653763,1
test,real,real,real_00360.jpeg,0,0,3.642966112238355e-05,1
test,real,real,real_00363.jpeg,0,0,0.10210657119750977,1
test,real,real,real_00350.jpeg,0,0,2.743037157415529e-07,1
test,real,real,real_00441.jpeg,0,1,0.8256686925888062,0
test,real,real,real_00003.jpeg,0,0,0.49332720041275024,1
test,real,real,real_00217.jpeg,0,0,1.7101207276937203e-06,1
test,real,real,real_00465.jpeg,0,1,0.9944907426834106,0
test,real,real,real_00442.jpeg,0,0,0.0014857329661026597,1
test,real,real,real_00233.jpeg,0,0,0.00012014117237413302,1
test,real,real,real_00161.jpeg,0,0,0.0001627076999284327,1
test,real,real,real_00412.jpeg,0,0,0.01666155643761158,1
test,real,real,real_00468.jpeg,0,0,0.0023711062967777252,1
test,real,real,real_00125.jpeg,0,0,0.29779955744743347,1
test,real,real,real_00186.jpeg,0,0,7.914347861515125e-07,1
test,real,real,real_00172.jpeg,0,0,2.961110340038431e-06,1
test,real,real,real_00467.jpeg,0,0,0.0020473222248256207,1
test,real,real,real_00323.jpeg,0,0,2.4451153876725584e-05,1
test,real,real,real_00203.jpeg,0,0,0.008985314518213272,1
test,real,real,real_00552.jpeg,0,0,0.032691579312086105,1
test,real,real,real_00034.jpeg,0,0,0.002007616451010108,1
test,real,real,real_00142.jpeg,0,0,0.06983648240566254,1
test,real,real,real_00059.jpeg,0,0,4.311790036126695e-08,1
test,real,real,real_00021.jpeg,0,0,0.08008689433336258,1
test,real,real,real_00525.jpeg,0,0,0.00010545087570790201,1
test,real,real,real_00275.jpeg,0,0,0.3319110870361328,1
test,real,real,real_00430.jpeg,0,0,0.00011697332229232416,1
test,real,real,real_00349.jpeg,0,0,8.918678240377176e-09,1
test,real,real,real_00373.jpeg,0,1,0.8935701847076416,0
test,real,real,real_00078.jpeg,0,0,0.012241851538419724,1
test,real,real,real_00437.jpeg,0,0,1.6702669825008343e-07,1
test,real,real,real_00520.jpeg,0,0,6.937204034329625e-06,1
test,real,real,real_00564.jpeg,0,0,0.023370221257209778,1
test,real,real,real_00578.jpeg,0,0,0.04390684887766838,1
test,real,real,real_00225.jpeg,0,0,0.0009840126149356365,1
test,real,real,real_00232.jpeg,0,0,1.934654028445948e-05,1
test,real,real,real_00194.jpeg,0,0,3.4283045846628113e-10,1
test,real,real,real_00278.jpeg,0,0,1.992778834392084e-06,1
test,real,real,real_00168.jpeg,0,0,5.966833850834519e-05,1
test,real,real,real_00145.jpeg,0,1,0.7152819633483887,0
test,real,real,real_00495.jpeg,0,0,1.515035819465993e-05,1
test,real,real,real_00236.jpeg,0,0,0.0006160846678540111,1
test,real,real,real_00121.jpeg,0,0,0.009897615760564804,1
test,real,real,real_00455.jpeg,0,0,0.34395602345466614,1
test,real,real,real_00177.jpeg,0,1,0.5284624099731445,0
test,real,real,real_00485.jpeg,0,0,0.001420823740772903,1
test,real,real,real_00136.jpeg,0,0,0.18605904281139374,1
test,real,real,real_00054.jpeg,0,0,0.00010046977695310488,1
test,real,real,real_00470.jpeg,0,0,5.968085133645218e-06,1
test,real,real,real_00118.jpeg,0,0,3.962067296470195e-08,1
test,real,real,real_00153.jpeg,0,0,0.0020657344721257687,1
test,real,real,real_00384.jpeg,0,0,0.00031486095394939184,1
test,real,real,real_00115.jpeg,0,0,0.005598805844783783,1
test,real,real,real_00101.jpeg,0,0,0.12245321273803711,1
test,real,real,real_00327.jpeg,0,0,0.12048593908548355,1
test,real,real,real_00164.jpeg,0,0,0.005499603226780891,1
test,real,real,real_00538.jpeg,0,0,0.0001233826915267855,1
test,real,real,real_00049.jpeg,0,0,0.23476342856884003,1
test,real,real,real_00544.jpeg,0,0,0.0015614733565598726,1
test,real,real,real_00154.jpeg,0,0,6.4769265009090304e-06,1
test,real,real,real_00215.jpeg,0,0,0.2418253868818283,1
test,real,real,real_00124.jpeg,0,0,4.0558438740845304e-07,1
test,real,real,real_00223.jpeg,0,0,0.01797267235815525,1
test,real,real,real_00065.jpeg,0,1,0.891635000705719,0
test,real,real,real_00282.jpeg,0,0,8.239143426180817e-06,1
test,real,real,real_00267.jpeg,0,0,0.0013220562832430005,1
test,real,real,real_00343.jpeg,0,0,0.024311838671565056,1
test,real,real,real_00421.jpeg,0,0,1.719747261264004e-11,1
test,real,real,real_00531.jpeg,0,0,0.0010224058059975505,1
test,real,real,real_00575.jpeg,0,0,0.002149605890735984,1
test,real,real,real_00290.jpeg,0,0,8.094910299405456e-05,1
test,real,real,real_00336.jpeg,0,0,1.983302966301892e-10,1
test,real,real,real_00306.jpeg,0,0,0.15571025013923645,1
test,real,real,real_00231.jpeg,0,0,0.0009371400228701532,1
test,real,real,real_00002.jpeg,0,0,0.11467787623405457,1
test,real,real,real_00504.jpeg,0,0,0.004822997841984034,1
test,real,real,real_00536.jpeg,0,0,0.00017358784680254757,1
test,real,real,real_00362.jpeg,0,0,0.002828263444826007,1
test,real,real,real_00199.jpeg,0,0,0.009337429888546467,1
test,real,real,real_00023.jpeg,0,0,5.5429259191441815e-06,1
test,real,real,real_00433.jpeg,0,0,0.20828014612197876,1
test,real,real,real_00484.jpeg,0,0,0.44363921880722046,1
test,real,real,real_00110.jpeg,0,0,6.033717727405019e-05,1
test,real,real,real_00305.jpeg,0,0,0.3344144821166992,1
test,real,real,real_00352.jpeg,0,0,0.11030314117670059,1
test,real,real,real_00256.jpeg,0,0,0.007488703355193138,1
test,real,real,real_00404.jpeg,0,0,0.05941145867109299,1
test,real,real,real_00523.jpeg,0,0,0.05462297052145004,1
test,real,real,real_00513.jpeg,0,0,0.25591859221458435,1
test,real,real,real_00108.jpeg,0,0,0.010856208391487598,1
test,real,real,real_00119.jpeg,0,0,0.25468119978904724,1
test,real,real,real_00511.jpeg,0,0,0.055389754474163055,1
test,real,real,real_00073.jpeg,0,0,1.2493280854286581e-09,1
test,real,real,real_00469.jpeg,0,0,0.009256771765649319,1
test,real,real,real_00035.jpeg,0,0,1.208082039738656e-06,1
test,real,real,real_00427.jpeg,0,0,6.068060429242905e-06,1
test,real,real,real_00000.jpeg,0,0,0.0005523920408450067,1
test,real,real,real_00066.jpeg,0,0,0.0005155103281140327,1
test,real,real,real_00052.jpeg,0,0,1.0899949302256573e-05,1
test,real,real,real_00483.jpeg,0,0,3.712089437613031e-06,1
test,real,real,real_00020.jpeg,0,1,0.7003336548805237,0
test,real,real,real_00540.jpeg,0,0,0.0007546667475253344,1
test,real,real,real_00383.jpeg,0,0,6.353351636789739e-05,1
test,real,real,real_00129.jpeg,0,0,2.2535368771059439e-07,1
test,real,real,real_00505.jpeg,0,0,1.1384192200036836e-11,1
test,real,real,real_00517.jpeg,0,0,0.001471966621465981,1
test,real,real,real_00291.jpeg,0,0,6.106589808041463e-06,1
test,real,real,real_00328.jpeg,0,0,0.38997045159339905,1
test,real,real,real_00082.jpeg,0,0,1.1793353849043342e-08,1
test,real,real,real_00413.jpeg,0,0,0.010508746840059757,1
test,real,real,real_00201.jpeg,0,0,0.03052086941897869,1
test,real,real,real_00422.jpeg,0,0,0.41421353816986084,1
test,real,real,real_00481.jpeg,0,1,0.9700374007225037,0
test,real,real,real_00249.jpeg,0,0,8.614410944574047e-06,1
test,real,real,real_00591.jpeg,0,1,0.5735828876495361,0
test,real,real,real_00103.jpeg,0,0,0.20951712131500244,1
test,real,real,real_00058.jpeg,0,0,1.0656623139482235e-08,1
test,real,real,real_00029.jpeg,0,1,0.5319671034812927,0
test,real,real,real_00551.jpeg,0,0,3.331840707687661e-05,1
test,real,real,real_00453.jpeg,0,1,1.0,0
test,real,real,real_00041.jpeg,0,0,0.000704568752553314,1
test,real,real,real_00316.jpeg,0,0,0.00026818583137355745,1
test,real,real,real_00449.jpeg,0,0,0.002412954578176141,1
test,real,real,real_00198.jpeg,0,0,0.004307986237108707,1
test,real,real,real_00310.jpeg,0,0,0.017534643411636353,1
test,real,real,real_00205.jpeg,0,0,0.00018975250713992864,1
test,real,real,real_00011.jpeg,0,0,0.08428259938955307,1
test,real,real,real_00556.jpeg,0,0,0.0005022866535000503,1
test,real,real,real_00294.jpeg,0,0,5.861847967025824e-05,1
test,real,real,real_00112.jpeg,0,1,0.8466307520866394,0
test,real,real,real_00170.jpeg,0,0,3.6847679439233616e-05,1
test,real,real,real_00569.jpeg,0,0,2.220101862349111e-07,1
test,real,real,real_00318.jpeg,0,0,0.0010399270104244351,1
test,real,real,real_00397.jpeg,0,0,0.0001385136420140043,1
test,real,real,real_00014.jpeg,0,0,0.014070493169128895,1
test,real,real,real_00196.jpeg,0,0,7.933161029729027e-17,1
test,real,real,real_00191.jpeg,0,1,0.6214525103569031,0
test,real,real,real_00192.jpeg,0,0,4.719467927571941e-09,1
test,real,real,real_00353.jpeg,0,1,0.6814600825309753,0
test,real,real,real_00254.jpeg,0,0,2.150056161553948e-06,1
test,real,real,real_00169.jpeg,0,0,4.716734736120998e-08,1
test,real,real,real_00370.jpeg,0,0,5.1846409110378744e-11,1
test,real,real,real_00004.jpeg,0,0,0.020227590575814247,1
test,real,real,real_00368.jpeg,0,0,0.15613442659378052,1
test,real,real,real_00417.jpeg,0,0,0.4963851571083069,1
test,real,real,real_00333.jpeg,0,0,0.019020909443497658,1
test,real,real,real_00123.jpeg,0,0,0.004858203232288361,1
test,real,real,real_00380.jpeg,0,0,0.047869134694337845,1
test,real,real,real_00179.jpeg,0,0,9.349064384878147e-06,1
test,real,real,real_00400.jpeg,0,0,0.000103948732430581,1
test,real,real,real_00369.jpeg,0,0,0.2024238109588623,1
test,real,real,real_00051.jpeg,0,0,0.37469667196273804,1
test,real,real,real_00097.jpeg,0,0,7.383142701655743e-07,1
test,real,real,real_00515.jpeg,0,0,0.0010045540984719992,1
test,real,real,real_00446.jpeg,0,0,0.008524748496711254,1
test,real,real,real_00155.jpeg,0,0,0.007730917073786259,1
test,real,real,real_00277.jpeg,0,0,0.00017025168926920742,1
test,real,real,real_00098.jpeg,0,0,3.947894219891168e-05,1
test,real,real,real_00107.jpeg,0,0,0.13557718694210052,1
test,real,real,real_00087.jpeg,0,0,1.0599042070680298e-06,1
test,real,real,real_00565.jpeg,0,0,0.004821196664124727,1
test,real,real,real_00280.jpeg,0,0,1.8567061488283798e-07,1
test,real,real,real_00507.jpeg,0,0,1.085907808118236e-08,1
test,real,real,real_00326.jpeg,0,0,0.1754479557275772,1
test,real,real,real_00244.jpeg,0,0,2.3713074875957507e-15,1
test,real,real,real_00033.jpeg,0,0,0.008399177342653275,1
test,real,real,real_00064.jpeg,0,0,3.621432106558527e-14,1
test,real,real,real_00013.jpeg,0,0,1.2579031150039555e-08,1
test,real,real,real_00183.jpeg,0,0,0.18604078888893127,1
test,real,real,real_00030.jpeg,0,0,0.0007292078225873411,1
test,real,real,real_00474.jpeg,0,0,0.0028729476034641266,1
test,real,real,real_00558.jpeg,0,0,0.012779824435710907,1
test,real,real,real_00088.jpeg,0,0,0.03366649150848389,1
test,real,real,real_00436.jpeg,0,1,0.6866961717605591,0
test,real,real,real_00518.jpeg,0,0,2.448849227221217e-05,1
test,real,real,real_00111.jpeg,0,0,3.9624945202376693e-05,1
test,real,real,real_00122.jpeg,0,0,0.44124555587768555,1
test,real,real,real_00461.jpeg,0,0,0.022721033543348312,1
test,real,real,real_00239.jpeg,0,0,0.00040281342808157206,1
test,real,real,real_00408.jpeg,0,0,3.216771801817231e-06,1
test,real,real,real_00460.jpeg,0,0,0.0031302243005484343,1
test,real,real,real_00138.jpeg,0,0,0.010313360951840878,1
test,real,real,real_00429.jpeg,0,0,7.440615445375443e-05,1
test,real,real,real_00462.jpeg,0,0,6.970359077256016e-13,1
test,real,real,real_00113.jpeg,0,0,0.3294942080974579,1
test,real,real,real_00391.jpeg,0,0,2.9893373721279204e-05,1
test,real,real,real_00303.jpeg,0,0,2.654993750184076e-06,1
test,real,real,real_00592.jpeg,0,0,2.6591201443813545e-18,1
test,real,real,real_00157.jpeg,0,0,0.016701383516192436,1
test,real,real,real_00475.jpeg,0,0,1.517210421297932e-05,1
test,real,real,real_00071.jpeg,0,0,0.24728459119796753,1
test,real,real,real_00235.jpeg,0,0,8.543834701413289e-05,1
test,real,real,real_00067.jpeg,0,0,0.0002294809091836214,1
test,real,real,real_00502.jpeg,0,0,0.003864347469061613,1
test,real,real,real_00099.jpeg,0,0,0.10462501645088196,1
test,real,real,real_00508.jpeg,0,0,0.00021732198365498334,1
test,real,real,real_00036.jpeg,0,0,0.0002255175932077691,1
test,real,real,real_00149.jpeg,0,0,5.5676786098191045e-11,1
test,real,real,real_00220.jpeg,0,0,0.00044939765939489007,1
test,real,real,real_00418.jpeg,0,0,0.00045446623698808253,1
test,real,real,real_00466.jpeg,0,0,0.3699796199798584,1
test,real,real,real_00120.jpeg,0,0,0.005169589538127184,1
test,real,real,real_00139.jpeg,0,0,0.21029001474380493,1
test,real,real,real_00589.jpeg,0,1,0.9929279685020447,0
test,real,real,real_00276.jpeg,0,0,0.012484931387007236,1
test,real,real,real_00377.jpeg,0,0,0.10891932249069214,1
test,real,real,real_00175.jpeg,0,0,0.10887372493743896,1
test,real,real,real_00001.jpeg,0,0,0.4822400212287903,1
test,real,real,real_00424.jpeg,0,0,7.72167095419718e-06,1
test,real,real,real_00197.jpeg,0,0,0.00018496911798138171,1
test,real,real,real_00246.jpeg,0,0,0.00187769066542387,1
test,real,real,real_00325.jpeg,0,0,0.0055032153613865376,1
test,real,real,real_00150.jpeg,0,0,3.655252811540777e-08,1
test,real,real,real_00501.jpeg,0,0,5.910728214075789e-05,1
test,real,real,real_00428.jpeg,0,0,0.02901604026556015,1
test,real,real,real_00222.jpeg,0,0,0.20285753905773163,1
test,real,real,real_00045.jpeg,0,0,0.013767381198704243,1
test,real,real,real_00338.jpeg,0,0,0.0006717021460644901,1
test,real,real,real_00390.jpeg,0,0,0.00025033520068973303,1
test,real,real,real_00062.jpeg,0,0,0.2789708077907562,1
test,real,real,real_00426.jpeg,0,0,0.00055451481603086,1
test,real,real,real_00247.jpeg,0,0,0.09727468341588974,1
test,real,real,real_00152.jpeg,0,0,0.005943159107118845,1
test,real,real,real_00156.jpeg,0,0,0.0006158086471259594,1
test,real,real,real_00084.jpeg,0,0,0.013895902782678604,1
test,real,real,real_00212.jpeg,0,0,0.07012991607189178,1
test,real,real,real_00184.jpeg,0,0,0.017522793263196945,1
test,real,real,real_00309.jpeg,0,0,0.001017455942928791,1
test,real,real,real_00423.jpeg,0,0,0.2605324983596802,1
test,real,real,real_00095.jpeg,0,0,0.0007895021699368954,1
test,real,real,real_00264.jpeg,0,0,0.005094077903777361,1
test,real,real,real_00105.jpeg,0,0,0.036979854106903076,1
test,real,real,real_00024.jpeg,0,0,1.5918439899564873e-08,1
test,real,real,real_00293.jpeg,0,0,8.489091669616755e-07,1
test,real,real,real_00311.jpeg,0,0,0.00999427493661642,1
test,real,real,real_00032.jpeg,0,0,0.18593184649944305,1
test,real,real,real_00374.jpeg,0,0,3.490155722829513e-05,1
test,real,real,real_00492.jpeg,0,0,6.840009882580489e-05,1
test,real,real,real_00162.jpeg,0,0,0.019177043810486794,1
test,real,real,real_00588.jpeg,0,0,0.0005721456254832447,1
test,real,real,real_00411.jpeg,0,0,0.00043664732947945595,1
test,real,real,real_00241.jpeg,0,0,0.10734033584594727,1
test,real,real,real_00432.jpeg,0,0,0.41989216208457947,1
test,real,real,real_00025.jpeg,0,0,0.00047169701429083943,1
test,real,real,real_00079.jpeg,0,1,0.5758970975875854,0
test,real,real,real_00351.jpeg,0,0,0.10841403901576996,1
test,real,real,real_00590.jpeg,0,0,8.638675552674613e-09,1
test,real,real,real_00240.jpeg,0,0,0.00030701953801326454,1
test,real,real,real_00583.jpeg,0,0,5.8489604271017015e-05,1
test,real,real,real_00116.jpeg,0,0,0.11297859996557236,1
test,real,real,real_00081.jpeg,0,0,0.0010194653877988458,1
test,real,real,real_00224.jpeg,0,0,0.07358300685882568,1
test,real,real,real_00372.jpeg,0,0,0.0019892393611371517,1
test,real,real,real_00074.jpeg,0,0,0.0003919590380974114,1
test,real,real,real_00555.jpeg,0,0,6.243454663490411e-06,1
test,real,real,real_00399.jpeg,0,0,1.0346969247621018e-05,1
test,real,real,real_00308.jpeg,0,0,0.04389321431517601,1
test,real,real,real_00132.jpeg,0,0,0.11327194422483444,1
test,real,real,real_00478.jpeg,0,0,0.012257210910320282,1
test,real,real,real_00435.jpeg,0,0,5.340335701475851e-05,1
test,real,real,real_00072.jpeg,0,0,0.0028451397083699703,1
test,real,real,real_00037.jpeg,0,0,0.4952012896537781,1
test,real,real,real_00272.jpeg,0,1,0.9731166362762451,0
test,real,real,real_00102.jpeg,0,0,0.041008707135915756,1
test,real,real,real_00044.jpeg,0,0,0.05696966499090195,1
test,real,real,real_00546.jpeg,0,0,0.010724103078246117,1
test,real,real,real_00146.jpeg,0,0,4.202243871986866e-05,1
test,real,real,real_00361.jpeg,0,0,0.002769570564851165,1
test,real,real,real_00498.jpeg,0,1,0.6178138852119446,0
test,real,real,real_00567.jpeg,0,0,1.213021647572532e-07,1
test,real,real,real_00229.jpeg,0,0,0.0008946339949034154,1
test,real,real,real_00573.jpeg,0,0,6.693074283248279e-06,1
test,real,real,real_00452.jpeg,0,0,0.13266979157924652,1
test,real,real,real_00258.jpeg,0,0,0.08780839294195175,1
test,real,real,real_00581.jpeg,0,0,0.012368828989565372,1
test,real,real,real_00340.jpeg,0,0,0.12246884405612946,1
test,real,real,real_00516.jpeg,0,0,0.0014521228149533272,1
test,real,real,real_00524.jpeg,0,0,0.0008363134693354368,1
test,real,real,real_00554.jpeg,0,0,0.0019226676085963845,1
test,real,real,real_00299.jpeg,0,0,1.3979708057831886e-08,1
test,real,real,real_00439.jpeg,0,0,0.0015692421002313495,1
test,real,real,real_00166.jpeg,0,0,8.996527753879491e-07,1
test,real,real,real_00392.jpeg,0,0,0.035625845193862915,1
test,real,real,real_00086.jpeg,0,0,8.674193850310985e-06,1
test,real,real,real_00537.jpeg,0,0,0.2627922296524048,1
test,real,real,real_00431.jpeg,0,0,4.957000783178955e-05,1
test,real,real,real_00389.jpeg,0,0,4.6912991820136085e-06,1
test,real,real,real_00534.jpeg,0,0,1.1860591257573105e-05,1
test,real,real,real_00541.jpeg,0,0,1.7676995867077494e-08,1
test,real,real,real_00094.jpeg,0,1,0.9842777848243713,0
test,real,real,real_00226.jpeg,0,0,0.0006754851201549172,1
test,real,real,real_00200.jpeg,0,0,0.005578311625868082,1
test,real,real,real_00330.jpeg,0,0,0.005703662522137165,1
test,real,real,real_00091.jpeg,0,0,0.29675257205963135,1
test,real,real,real_00472.jpeg,0,0,3.361454864458935e-11,1
test,real,real,real_00493.jpeg,0,0,2.005587248277152e-06,1
test,real,real,real_00053.jpeg,0,0,1.2900005685878568e-07,1
test,real,real,real_00298.jpeg,0,0,0.021860571578145027,1
test,real,real,real_00366.jpeg,0,0,0.0016307163750752807,1
test,real,real,real_00182.jpeg,0,0,1.9950641217292286e-05,1
test,real,real,real_00490.jpeg,0,0,0.007170782890170813,1
test,real,real,real_00593.jpeg,0,0,0.25807633996009827,1
test,real,real,real_00137.jpeg,0,0,0.023370428010821342,1
test,real,real,real_00314.jpeg,0,0,0.06639686226844788,1
test,real,real,real_00471.jpeg,0,0,0.011876505799591541,1
test,real,real,real_00365.jpeg,0,0,0.000734490982722491,1
test,real,real,real_00042.jpeg,0,0,1.9273209694858906e-09,1
test,real,real,real_00448.jpeg,0,0,0.31207168102264404,1
test,real,real,real_00188.jpeg,0,0,1.3155229225958465e-06,1
test,real,real,real_00245.jpeg,0,0,0.1989169865846634,1
test,real,real,real_00509.jpeg,0,0,5.172231794858817e-06,1
test,real,real,real_00265.jpeg,0,0,0.0005716048763133585,1
test,real,real,real_00443.jpeg,0,0,0.00014476075011771172,1
test,real,real,real_00284.jpeg,0,0,0.002724675228819251,1
test,real,real,real_00386.jpeg,0,0,7.713736522418913e-06,1
test,real,real,real_00548.jpeg,0,0,1.3669075542566134e-06,1
test,real,real,real_00487.jpeg,0,0,0.00019686922314576805,1
test,real,real,real_00549.jpeg,0,1,0.7484900951385498,0
test,real,real,real_00315.jpeg,0,0,3.9036658563418314e-05,1
test,real,real,real_00464.jpeg,0,0,0.0008571775397285819,1
test,ai,midjourney,midjourney_00068.png,1,0,0.01773736998438835,0
test,ai,vqdm,vqdm_00062.png,1,0,0.21122629940509796,0
test,ai,adm,adm_00019.png,1,1,0.9993783235549927,1
test,ai,midjourney,midjourney_00077.png,1,0,0.0006794655346311629,0
test,ai,adm,adm_00074.png,1,1,0.9999986886978149,1
test,ai,wukong,wukong_00038.png,1,1,0.9999681711196899,1
test,ai,biggan,biggan_00049.png,1,1,0.9986326098442078,1
test,ai,midjourney,midjourney_00036.png,1,1,0.5651863813400269,1
test,ai,glide,glide_00074.png,1,1,0.9997509121894836,1
test,ai,sdv5,sdv5_00043.png,1,0,0.2503102123737335,0
test,ai,wukong,wukong_00067.png,1,1,0.9916492700576782,1
test,ai,vqdm,vqdm_00041.png,1,1,0.9551290273666382,1
test,ai,wukong,wukong_00066.png,1,0,0.1277257800102234,0
test,ai,vqdm,vqdm_00061.png,1,1,1.0,1
test,ai,biggan,biggan_00010.png,1,1,1.0,1
test,ai,midjourney,midjourney_00011.png,1,1,0.9997944235801697,1
test,ai,adm,adm_00067.png,1,1,0.9999587535858154,1
test,ai,adm,adm_00063.png,1,1,0.9997374415397644,1
test,ai,wukong,wukong_00015.png,1,1,0.9636684656143188,1
test,ai,vqdm,vqdm_00004.png,1,1,0.9690777063369751,1
test,ai,midjourney,midjourney_00005.png,1,1,0.5033352971076965,1
test,ai,adm,adm_00014.png,1,1,1.0,1
test,ai,glide,glide_00069.png,1,1,0.9999985694885254,1
test,ai,vqdm,vqdm_00010.png,1,1,1.0,1
test,ai,sdv5,sdv5_00046.png,1,1,0.9993268251419067,1
test,ai,wukong,wukong_00023.png,1,1,0.9025489687919617,1
test,ai,midjourney,midjourney_00074.png,1,1,0.8815218806266785,1
test,ai,midjourney,midjourney_00039.png,1,1,0.9330608248710632,1
test,ai,vqdm,vqdm_00024.png,1,1,0.9999978542327881,1
test,ai,wukong,wukong_00075.png,1,1,0.8961992859840393,1
test,ai,biggan,biggan_00050.png,1,1,1.0,1
test,ai,midjourney,midjourney_00059.png,1,1,0.7464972734451294,1
test,ai,biggan,biggan_00029.png,1,1,0.9999998807907104,1
test,ai,sdv5,sdv5_00039.png,1,1,0.9946990013122559,1
test,ai,glide,glide_00061.png,1,0,0.1296207308769226,0
test,ai,biggan,biggan_00012.png,1,1,0.9999902248382568,1
test,ai,biggan,biggan_00080.png,1,1,1.0,1
test,ai,glide,glide_00053.png,1,1,0.9965113997459412,1
test,ai,vqdm,vqdm_00006.png,1,1,0.868238091468811,1
test,ai,adm,adm_00023.png,1,1,1.0,1
test,ai,sdv5,sdv5_00054.png,1,1,0.9988929629325867,1
test,ai,midjourney,midjourney_00021.png,1,1,0.995614767074585,1
test,ai,vqdm,vqdm_00065.png,1,0,0.10003063827753067,0
test,ai,biggan,biggan_00055.png,1,1,0.999974250793457,1
test,ai,wukong,wukong_00003.png,1,1,0.999396562576294,1
test,ai,biggan,biggan_00022.png,1,1,0.9720807671546936,1
test,ai,biggan,biggan_00081.png,1,1,0.7344409823417664,1
test,ai,vqdm,vqdm_00049.png,1,1,0.9633628129959106,1
test,ai,sdv5,sdv5_00076.png,1,1,0.9999332427978516,1
test,ai,vqdm,vqdm_00011.png,1,1,0.996874213218689,1
test,ai,adm,adm_00039.png,1,1,1.0,1
test,ai,glide,glide_00023.png,1,1,0.9986392855644226,1
test,ai,sdv5,sdv5_00063.png,1,1,0.997600257396698,1
test,ai,biggan,biggan_00059.png,1,1,0.9999996423721313,1
test,ai,glide,glide_00015.png,1,1,0.9999996423721313,1
test,ai,wukong,wukong_00047.png,1,1,0.9320146441459656,1
test,ai,vqdm,vqdm_00037.png,1,1,0.9915068745613098,1
test,ai,wukong,wukong_00080.png,1,1,0.9999887943267822,1
test,ai,midjourney,midjourney_00076.png,1,1,0.9986147880554199,1
test,ai,sdv5,sdv5_00061.png,1,1,0.9999998807907104,1
test,ai,adm,adm_00029.png,1,1,0.9999949932098389,1
test,ai,glide,glide_00039.png,1,1,0.9999997615814209,1
test,ai,adm,adm_00072.png,1,1,0.9975966811180115,1
test,ai,sdv5,sdv5_00051.png,1,1,1.0,1
test,ai,sdv5,sdv5_00066.png,1,1,0.8485655784606934,1
test,ai,midjourney,midjourney_00078.png,1,1,0.9999891519546509,1
test,ai,vqdm,vqdm_00017.png,1,0,0.01222901325672865,0
test,ai,sdv5,sdv5_00073.png,1,1,0.998036801815033,1
test,ai,midjourney,midjourney_00045.png,1,1,0.9306417107582092,1
test,ai,vqdm,vqdm_00073.png,1,1,0.6920071244239807,1
test,ai,sdv5,sdv5_00008.png,1,1,0.9999840259552002,1
test,ai,midjourney,midjourney_00061.png,1,0,0.04987381026148796,0
test,ai,adm,adm_00015.png,1,1,0.9999998807907104,1
test,ai,vqdm,vqdm_00068.png,1,1,0.983435332775116,1
test,ai,midjourney,midjourney_00053.png,1,1,0.9999982118606567,1
test,ai,sdv5,sdv5_00050.png,1,1,0.9995833039283752,1
test,ai,glide,glide_00050.png,1,1,0.9999998807907104,1
test,ai,midjourney,midjourney_00069.png,1,1,0.6049167513847351,1
test,ai,glide,glide_00038.png,1,1,0.9997580647468567,1
test,ai,biggan,biggan_00011.png,1,1,0.9813753366470337,1
test,ai,biggan,biggan_00082.png,1,1,0.9999755620956421,1
test,ai,wukong,wukong_00005.png,1,1,0.9998929500579834,1
test,ai,wukong,wukong_00014.png,1,1,0.9999412298202515,1
test,ai,midjourney,midjourney_00071.png,1,0,0.006303208880126476,0
test,ai,midjourney,midjourney_00009.png,1,1,0.6988012194633484,1
test,ai,midjourney,midjourney_00044.png,1,1,0.9755380749702454,1
test,ai,biggan,biggan_00017.png,1,1,0.9999396800994873,1
test,ai,glide,glide_00082.png,1,1,0.9988417029380798,1
test,ai,glide,glide_00037.png,1,0,0.37824511528015137,0
test,ai,adm,adm_00027.png,1,1,0.9999275207519531,1
test,ai,midjourney,midjourney_00024.png,1,1,0.999998927116394,1
test,ai,glide,glide_00033.png,1,1,0.9999980926513672,1
test,ai,midjourney,midjourney_00007.png,1,1,0.985663115978241,1
test,ai,sdv5,sdv5_00072.png,1,1,0.6948140859603882,1
test,ai,wukong,wukong_00022.png,1,1,0.9985972046852112,1
test,ai,vqdm,vqdm_00032.png,1,0,0.0009807120077311993,0
test,ai,glide,glide_00009.png,1,1,1.0,1
test,ai,biggan,biggan_00030.png,1,1,0.9830606579780579,1
test,ai,wukong,wukong_00057.png,1,1,0.958859384059906,1
test,ai,adm,adm_00079.png,1,1,1.0,1
test,ai,vqdm,vqdm_00031.png,1,1,0.988008975982666,1
test,ai,glide,glide_00010.png,1,1,1.0,1
test,ai,wukong,wukong_00009.png,1,1,0.9984820485115051,1
test,ai,glide,glide_00013.png,1,1,0.9995606541633606,1
test,ai,vqdm,vqdm_00023.png,1,1,0.5620588660240173,1
test,ai,sdv5,sdv5_00011.png,1,1,0.9888123273849487,1
test,ai,sdv5,sdv5_00047.png,1,1,0.999991774559021,1
test,ai,sdv5,sdv5_00009.png,1,1,0.9702121019363403,1
test,ai,sdv5,sdv5_00010.png,1,1,0.9340324401855469,1
test,ai,glide,glide_00076.png,1,1,1.0,1
test,ai,adm,adm_00081.png,1,1,0.999998927116394,1
test,ai,sdv5,sdv5_00023.png,1,1,0.9999783039093018,1
test,ai,biggan,biggan_00003.png,1,1,0.999885082244873,1
test,ai,wukong,wukong_00061.png,1,1,0.6365967392921448,1
test,ai,adm,adm_00085.png,1,1,0.9870376586914062,1
test,ai,midjourney,midjourney_00014.png,1,1,0.9556758403778076,1
test,ai,vqdm,vqdm_00042.png,1,1,0.9991070628166199,1
test,ai,wukong,wukong_00076.png,1,1,0.9993107318878174,1
test,ai,vqdm,vqdm_00035.png,1,1,0.6531373858451843,1
test,ai,sdv5,sdv5_00037.png,1,1,0.6768102049827576,1
test,ai,biggan,biggan_00000.png,1,1,0.9999963045120239,1
test,ai,sdv5,sdv5_00053.png,1,1,0.9999991655349731,1
test,ai,midjourney,midjourney_00034.png,1,1,0.9968642592430115,1
test,ai,wukong,wukong_00033.png,1,1,0.9432476758956909,1
test,ai,glide,glide_00011.png,1,1,0.9996242523193359,1
test,ai,glide,glide_00008.png,1,1,0.9999998807907104,1
test,ai,adm,adm_00044.png,1,1,0.9837194085121155,1
test,ai,sdv5,sdv5_00029.png,1,1,0.9999746084213257,1
test,ai,sdv5,sdv5_00081.png,1,1,0.9999904632568359,1
test,ai,sdv5,sdv5_00040.png,1,1,0.5055791139602661,1
test,ai,adm,adm_00042.png,1,1,0.9999735355377197,1
test,ai,sdv5,sdv5_00059.png,1,1,0.9610740542411804,1
test,ai,wukong,wukong_00017.png,1,1,0.9999291896820068,1
test,ai,wukong,wukong_00058.png,1,1,0.9999986886978149,1
test,ai,adm,adm_00086.png,1,1,0.9999998807907104,1
test,ai,midjourney,midjourney_00049.png,1,1,0.9795835614204407,1
test,ai,midjourney,midjourney_00065.png,1,1,0.9999998807907104,1
test,ai,midjourney,midjourney_00006.png,1,1,0.983635663986206,1
test,ai,wukong,wukong_00079.png,1,1,0.9995285272598267,1
test,ai,sdv5,sdv5_00085.png,1,1,1.0,1
test,ai,sdv5,sdv5_00065.png,1,1,0.9650618433952332,1
test,ai,wukong,wukong_00037.png,1,1,0.977375864982605,1
test,ai,biggan,biggan_00032.png,1,1,0.9998024106025696,1
test,ai,wukong,wukong_00011.png,1,1,0.9999767541885376,1
test,ai,biggan,biggan_00053.png,1,1,1.0,1
test,ai,sdv5,sdv5_00005.png,1,1,0.9783242344856262,1
test,ai,adm,adm_00057.png,1,1,0.9750394821166992,1
test,ai,wukong,wukong_00024.png,1,1,0.994968593120575,1
test,ai,glide,glide_00056.png,1,1,1.0,1
test,ai,adm,adm_00004.png,1,1,1.0,1
test,ai,midjourney,midjourney_00081.png,1,0,0.0003770932962652296,0
test,ai,sdv5,sdv5_00083.png,1,0,0.047174058854579926,0
test,ai,glide,glide_00042.png,1,1,0.9999749660491943,1
test,ai,glide,glide_00029.png,1,1,0.8320825695991516,1
test,ai,vqdm,vqdm_00022.png,1,1,0.999283492565155,1
test,ai,adm,adm_00007.png,1,1,0.9999794960021973,1
test,ai,vqdm,vqdm_00082.png,1,0,0.3434962332248688,0
test,ai,glide,glide_00052.png,1,1,1.0,1
test,ai,adm,adm_00066.png,1,1,0.9739746451377869,1
test,ai,sdv5,sdv5_00026.png,1,1,0.5155753493309021,1
test,ai,wukong,wukong_00004.png,1,1,0.9999961853027344,1
test,ai,wukong,wukong_00034.png,1,1,0.9997312426567078,1
test,ai,adm,adm_00073.png,1,1,0.9999997615814209,1
test,ai,sdv5,sdv5_00056.png,1,1,0.9014728665351868,1
test,ai,adm,adm_00050.png,1,1,0.9915608763694763,1
test,ai,biggan,biggan_00004.png,1,1,0.999955415725708,1
test,ai,midjourney,midjourney_00063.png,1,1,0.9125300645828247,1
test,ai,glide,glide_00007.png,1,1,0.9449341893196106,1
test,ai,vqdm,vqdm_00059.png,1,0,0.47579798102378845,0
test,ai,midjourney,midjourney_00051.png,1,0,0.14351212978363037,0
test,ai,adm,adm_00040.png,1,1,0.9851539731025696,1
test,ai,vqdm,vqdm_00046.png,1,0,0.4826951324939728,0
test,ai,glide,glide_00071.png,1,1,0.9999982118606567,1
test,ai,midjourney,midjourney_00040.png,1,1,0.8183159232139587,1
test,ai,biggan,biggan_00056.png,1,1,0.9962586164474487,1
test,ai,wukong,wukong_00030.png,1,1,0.9335867166519165,1
test,ai,adm,adm_00045.png,1,1,0.9999988079071045,1
test,ai,vqdm,vqdm_00069.png,1,1,0.9568484425544739,1
test,ai,sdv5,sdv5_00013.png,1,1,0.9789950251579285,1
test,ai,adm,adm_00058.png,1,1,0.9872596263885498,1
test,ai,biggan,biggan_00037.png,1,1,1.0,1
test,ai,vqdm,vqdm_00039.png,1,1,0.9994819760322571,1
test,ai,sdv5,sdv5_00034.png,1,1,0.9999390840530396,1
test,ai,glide,glide_00047.png,1,1,0.998812198638916,1
test,ai,biggan,biggan_00063.png,1,1,0.9999997615814209,1
test,ai,glide,glide_00045.png,1,1,0.9137325882911682,1
test,ai,wukong,wukong_00027.png,1,1,0.9930208325386047,1
test,ai,vqdm,vqdm_00027.png,1,0,0.18256396055221558,0
test,ai,glide,glide_00024.png,1,1,0.9999994039535522,1
test,ai,wukong,wukong_00085.png,1,1,0.9996391534805298,1
test,ai,glide,glide_00043.png,1,1,0.9999994039535522,1
test,ai,vqdm,vqdm_00055.png,1,1,0.9965900182723999,1
test,ai,midjourney,midjourney_00057.png,1,1,0.9999127388000488,1
test,ai,wukong,wukong_00062.png,1,1,0.947411835193634,1
test,ai,sdv5,sdv5_00007.png,1,1,0.9979832172393799,1
test,ai,biggan,biggan_00043.png,1,1,0.6204931735992432,1
test,ai,adm,adm_00083.png,1,1,0.9999358654022217,1
test,ai,adm,adm_00052.png,1,1,0.9999967813491821,1
test,ai,wukong,wukong_00032.png,1,1,0.9987962245941162,1
test,ai,midjourney,midjourney_00047.png,1,1,0.9999746084213257,1
test,ai,midjourney,midjourney_00072.png,1,1,0.9996142387390137,1
test,ai,wukong,wukong_00010.png,1,1,0.9975773692131042,1
test,ai,sdv5,sdv5_00021.png,1,1,0.9954055547714233,1
test,ai,biggan,biggan_00009.png,1,1,0.9842958450317383,1
test,ai,wukong,wukong_00043.png,1,1,0.9998182654380798,1
test,ai,vqdm,vqdm_00034.png,1,1,0.9719845652580261,1
test,ai,biggan,biggan_00023.png,1,1,0.9998403787612915,1
test,ai,glide,glide_00080.png,1,1,0.9999995231628418,1
test,ai,midjourney,midjourney_00008.png,1,1,0.6899935603141785,1
test,ai,biggan,biggan_00024.png,1,1,0.9999995231628418,1
test,ai,midjourney,midjourney_00002.png,1,1,0.9381458163261414,1
test,ai,midjourney,midjourney_00000.png,1,1,0.8480286598205566,1
test,ai,adm,adm_00084.png,1,1,1.0,1
test,ai,biggan,biggan_00042.png,1,1,0.9999927282333374,1
test,ai,wukong,wukong_00018.png,1,1,0.999997615814209,1
test,ai,vqdm,vqdm_00021.png,1,1,0.9781508445739746,1
test,ai,sdv5,sdv5_00057.png,1,1,0.9741064310073853,1
test,ai,midjourney,midjourney_00029.png,1,1,0.7258915901184082,1
test,ai,sdv5,sdv5_00004.png,1,0,0.48925700783729553,0
test,ai,wukong,wukong_00063.png,1,0,0.2680353820323944,0
test,ai,glide,glide_00057.png,1,1,0.999650239944458,1
test,ai,wukong,wukong_00074.png,1,0,0.2840956449508667,0
test,ai,adm,adm_00070.png,1,1,0.9985644221305847,1
test,ai,midjourney,midjourney_00018.png,1,1,0.9994027614593506,1
test,ai,vqdm,vqdm_00081.png,1,1,0.835608959197998,1
test,ai,vqdm,vqdm_00075.png,1,1,0.9213157892227173,1
test,ai,glide,glide_00059.png,1,1,0.9952239394187927,1
test,ai,vqdm,vqdm_00002.png,1,0,0.207992821931839,0
test,ai,biggan,biggan_00045.png,1,1,1.0,1
test,ai,sdv5,sdv5_00075.png,1,1,0.9779938459396362,1
test,ai,sdv5,sdv5_00055.png,1,0,0.07440869510173798,0
test,ai,wukong,wukong_00013.png,1,1,0.9999818801879883,1
test,ai,adm,adm_00068.png,1,1,0.9999058246612549,1
test,ai,midjourney,midjourney_00010.png,1,0,0.21846850216388702,0
test,ai,midjourney,midjourney_00030.png,1,1,0.993449866771698,1
test,ai,sdv5,sdv5_00074.png,1,1,0.999992847442627,1
test,ai,vqdm,vqdm_00072.png,1,1,0.9922486543655396,1
test,ai,wukong,wukong_00031.png,1,1,0.999993085861206,1
test,ai,vqdm,vqdm_00080.png,1,1,0.9988616704940796,1
test,ai,midjourney,midjourney_00043.png,1,0,0.035627368837594986,0
test,ai,vqdm,vqdm_00001.png,1,1,0.7954930663108826,1
test,ai,glide,glide_00021.png,1,1,0.9999926090240479,1
test,ai,midjourney,midjourney_00037.png,1,0,0.009557774290442467,0
test,ai,biggan,biggan_00031.png,1,1,0.9999998807907104,1
test,ai,wukong,wukong_00072.png,1,1,0.9799410700798035,1
test,ai,midjourney,midjourney_00055.png,1,1,0.9987491369247437,1
test,ai,glide,glide_00070.png,1,1,1.0,1
test,ai,biggan,biggan_00057.png,1,1,0.9976533055305481,1
test,ai,midjourney,midjourney_00075.png,1,1,0.9983748197555542,1
test,ai,vqdm,vqdm_00048.png,1,1,0.9460697174072266,1
test,ai,glide,glide_00034.png,1,1,1.0,1
test,ai,sdv5,sdv5_00078.png,1,1,0.9136784672737122,1
test,ai,midjourney,midjourney_00062.png,1,1,0.6712995767593384,1
test,ai,adm,adm_00031.png,1,0,0.4420101046562195,0
test,ai,midjourney,midjourney_00026.png,1,1,0.784832239151001,1
test,ai,vqdm,vqdm_00000.png,1,1,0.8839151263237,1
test,ai,adm,adm_00020.png,1,1,0.998370349407196,1
test,ai,adm,adm_00012.png,1,1,0.9999896287918091,1
test,ai,adm,adm_00030.png,1,1,0.9999973773956299,1
test,ai,midjourney,midjourney_00070.png,1,1,0.865327000617981,1
test,ai,adm,adm_00041.png,1,1,0.9998891353607178,1
test,ai,adm,adm_00078.png,1,1,0.9999974966049194,1
test,ai,wukong,wukong_00068.png,1,1,0.909760057926178,1
test,ai,biggan,biggan_00008.png,1,1,0.9908015131950378,1
test,ai,adm,adm_00069.png,1,1,1.0,1
test,ai,vqdm,vqdm_00056.png,1,1,0.9999728202819824,1
test,ai,sdv5,sdv5_00036.png,1,1,0.9983587861061096,1
test,ai,vqdm,vqdm_00079.png,1,1,0.969663143157959,1
test,ai,midjourney,midjourney_00017.png,1,1,0.5927658677101135,1
test,ai,biggan,biggan_00033.png,1,1,0.9999953508377075,1
test,ai,biggan,biggan_00018.png,1,1,0.9999934434890747,1
test,ai,sdv5,sdv5_00001.png,1,1,0.7158442735671997,1
test,ai,sdv5,sdv5_00020.png,1,1,0.9814807772636414,1
test,ai,biggan,biggan_00048.png,1,1,0.9995818734169006,1
test,ai,biggan,biggan_00058.png,1,1,1.0,1
test,ai,midjourney,midjourney_00066.png,1,0,0.3838149309158325,0
test,ai,midjourney,midjourney_00080.png,1,0,0.3201591670513153,0
test,ai,adm,adm_00005.png,1,1,0.9999984502792358,1
test,ai,adm,adm_00003.png,1,1,0.9999984502792358,1
test,ai,adm,adm_00024.png,1,1,0.9998378753662109,1
test,ai,sdv5,sdv5_00000.png,1,1,0.9999222755432129,1
test,ai,biggan,biggan_00001.png,1,1,0.9997933506965637,1
test,ai,vqdm,vqdm_00014.png,1,1,0.9994576573371887,1
test,ai,biggan,biggan_00028.png,1,1,1.0,1
test,ai,midjourney,midjourney_00028.png,1,0,0.07067590206861496,0
test,ai,biggan,biggan_00027.png,1,1,0.9998332262039185,1
test,ai,sdv5,sdv5_00049.png,1,1,0.9999210834503174,1
test,ai,vqdm,vqdm_00029.png,1,1,0.9955902099609375,1
test,ai,adm,adm_00035.png,1,1,0.9999769926071167,1
test,ai,adm,adm_00011.png,1,1,1.0,1
test,ai,biggan,biggan_00078.png,1,1,0.9999853372573853,1
test,ai,midjourney,midjourney_00013.png,1,1,0.991418719291687,1
test,ai,sdv5,sdv5_00067.png,1,1,0.9748092293739319,1
test,ai,biggan,biggan_00006.png,1,1,0.9994468092918396,1
test,ai,vqdm,vqdm_00078.png,1,1,0.517454206943512,1
test,ai,glide,glide_00049.png,1,1,0.9981265664100647,1
test,ai,midjourney,midjourney_00050.png,1,1,0.9999392032623291,1
test,ai,glide,glide_00017.png,1,1,1.0,1
test,ai,wukong,wukong_00008.png,1,1,0.9998977184295654,1
test,ai,sdv5,sdv5_00014.png,1,1,0.9747309684753418,1
test,ai,biggan,biggan_00052.png,1,1,0.9109967350959778,1
test,ai,wukong,wukong_00059.png,1,1,0.9834585189819336,1
test,ai,glide,glide_00078.png,1,1,1.0,1
test,ai,adm,adm_00034.png,1,1,1.0,1
test,ai,wukong,wukong_00006.png,1,1,0.9311707615852356,1
test,ai,biggan,biggan_00046.png,1,1,1.0,1
test,ai,wukong,wukong_00073.png,1,1,0.5571370124816895,1
test,ai,midjourney,midjourney_00046.png,1,1,0.9997870326042175,1
test,ai,glide,glide_00068.png,1,1,0.9999990463256836,1
test,ai,midjourney,midjourney_00058.png,1,1,0.627685546875,1
test,ai,glide,glide_00001.png,1,1,0.9999972581863403,1
test,ai,glide,glide_00041.png,1,1,1.0,1
test,ai,glide,glide_00014.png,1,1,0.9785048961639404,1
test,ai,adm,adm_00013.png,1,1,0.9959592223167419,1
test,ai,glide,glide_00063.png,1,1,0.999998927116394,1
test,ai,wukong,wukong_00045.png,1,1,0.9907524585723877,1
test,ai,biggan,biggan_00079.png,1,1,0.9999961853027344,1
test,ai,adm,adm_00002.png,1,1,1.0,1
test,ai,midjourney,midjourney_00041.png,1,1,0.9995833039283752,1
test,ai,vqdm,vqdm_00044.png,1,1,0.9997939467430115,1
test,ai,adm,adm_00043.png,1,1,0.9485031962394714,1
test,ai,sdv5,sdv5_00017.png,1,1,0.9997426867485046,1
test,ai,vqdm,vqdm_00052.png,1,1,0.7140427231788635,1
test,ai,adm,adm_00036.png,1,1,0.9997389912605286,1
test,ai,biggan,biggan_00083.png,1,1,0.9874119758605957,1
test,ai,glide,glide_00020.png,1,1,1.0,1
test,ai,midjourney,midjourney_00054.png,1,0,0.20875634253025055,0
test,ai,adm,adm_00032.png,1,1,0.9999783039093018,1
test,ai,glide,glide_00058.png,1,1,0.9999526739120483,1
test,ai,vqdm,vqdm_00008.png,1,1,0.9988499879837036,1
test,ai,adm,adm_00026.png,1,1,0.9999994039535522,1
test,ai,midjourney,midjourney_00082.png,1,1,0.991223931312561,1
test,ai,wukong,wukong_00012.png,1,1,0.9973408579826355,1
test,ai,glide,glide_00048.png,1,1,0.9091127514839172,1
test,ai,midjourney,midjourney_00033.png,1,1,0.9999666213989258,1
test,ai,vqdm,vqdm_00060.png,1,1,0.9952730536460876,1
test,ai,wukong,wukong_00052.png,1,1,0.9999998807907104,1
test,ai,adm,adm_00021.png,1,1,0.9960839748382568,1
test,ai,wukong,wukong_00042.png,1,1,0.871167004108429,1
test,ai,vqdm,vqdm_00071.png,1,1,0.9999066591262817,1
test,ai,glide,glide_00026.png,1,1,1.0,1
test,ai,biggan,biggan_00019.png,1,1,0.9999969005584717,1
test,ai,glide,glide_00051.png,1,1,0.9993768334388733,1
test,ai,adm,adm_00056.png,1,1,0.9995997548103333,1
test,ai,glide,glide_00012.png,1,1,1.0,1
test,ai,adm,adm_00017.png,1,1,0.8891180157661438,1
test,ai,wukong,wukong_00020.png,1,1,0.9982379674911499,1
test,ai,sdv5,sdv5_00069.png,1,1,0.9642629027366638,1
test,ai,vqdm,vqdm_00064.png,1,1,0.8321213722229004,1
test,ai,wukong,wukong_00050.png,1,1,0.9975945353507996,1
test,ai,glide,glide_00032.png,1,1,0.9999947547912598,1
test,ai,glide,glide_00040.png,1,1,0.9999881982803345,1
test,ai,glide,glide_00064.png,1,1,0.8924909234046936,1
test,ai,adm,adm_00016.png,1,1,0.9893145561218262,1
test,ai,biggan,biggan_00066.png,1,1,1.0,1
test,ai,vqdm,vqdm_00013.png,1,0,0.025941748172044754,0
test,ai,sdv5,sdv5_00024.png,1,1,0.9188113808631897,1
test,ai,sdv5,sdv5_00030.png,1,1,0.9968900084495544,1
test,ai,wukong,wukong_00051.png,1,1,0.9979584217071533,1
test,ai,sdv5,sdv5_00077.png,1,1,0.9999997615814209,1
test,ai,biggan,biggan_00013.png,1,1,0.9998579025268555,1
test,ai,wukong,wukong_00064.png,1,1,0.999984622001648,1
test,ai,vqdm,vqdm_00025.png,1,1,0.9701756238937378,1
test,ai,glide,glide_00002.png,1,1,1.0,1
test,ai,midjourney,midjourney_00079.png,1,1,0.7131997346878052,1
test,ai,wukong,wukong_00039.png,1,1,0.7994565963745117,1
test,ai,vqdm,vqdm_00020.png,1,1,0.9977765679359436,1
test,ai,sdv5,sdv5_00032.png,1,1,0.9942453503608704,1
test,ai,sdv5,sdv5_00003.png,1,0,0.11261829733848572,0
test,ai,wukong,wukong_00078.png,1,1,0.9968910813331604,1
test,ai,wukong,wukong_00065.png,1,1,0.999922513961792,1
test,ai,biggan,biggan_00014.png,1,1,0.9999006986618042,1
test,ai,adm,adm_00006.png,1,1,1.0,1
test,ai,wukong,wukong_00056.png,1,1,0.9999905824661255,1
test,ai,biggan,biggan_00005.png,1,1,1.0,1
test,ai,wukong,wukong_00002.png,1,1,0.7420239448547363,1
test,ai,wukong,wukong_00055.png,1,0,0.10391683131456375,0
test,ai,sdv5,sdv5_00016.png,1,1,0.8307414054870605,1
test,ai,biggan,biggan_00065.png,1,0,0.3778103291988373,0
test,ai,vqdm,vqdm_00019.png,1,1,0.5209028124809265,1
test,ai,adm,adm_00038.png,1,1,0.9999979734420776,1
test,ai,sdv5,sdv5_00044.png,1,1,0.8751946091651917,1
test,ai,midjourney,midjourney_00084.png,1,1,0.9998657703399658,1
test,ai,midjourney,midjourney_00025.png,1,0,0.09479518979787827,0
test,ai,biggan,biggan_00061.png,1,1,0.999062716960907,1
test,ai,sdv5,sdv5_00071.png,1,1,0.9999990463256836,1
test,ai,biggan,biggan_00074.png,1,1,1.0,1
test,ai,vqdm,vqdm_00077.png,1,0,0.20856158435344696,0
test,ai,midjourney,midjourney_00001.png,1,1,0.9996840953826904,1
test,ai,biggan,biggan_00069.png,1,1,0.9935099482536316,1
test,ai,glide,glide_00005.png,1,1,0.9999996423721313,1
test,ai,sdv5,sdv5_00015.png,1,1,0.8042283654212952,1
test,ai,vqdm,vqdm_00012.png,1,1,0.8572646379470825,1
test,ai,wukong,wukong_00077.png,1,0,0.3701011538505554,0
test,ai,midjourney,midjourney_00023.png,1,0,0.23182380199432373,0
test,ai,sdv5,sdv5_00045.png,1,1,0.9024649858474731,1
test,ai,adm,adm_00033.png,1,1,0.999835729598999,1
test,ai,wukong,wukong_00083.png,1,1,0.9884498119354248,1
test,ai,biggan,biggan_00034.png,1,1,1.0,1
test,ai,biggan,biggan_00070.png,1,1,0.9994828701019287,1
test,ai,biggan,biggan_00076.png,1,1,0.8720574378967285,1
test,ai,midjourney,midjourney_00067.png,1,1,0.6889791488647461,1
test,ai,biggan,biggan_00062.png,1,1,0.9995173215866089,1
test,ai,midjourney,midjourney_00027.png,1,1,0.9614033699035645,1
test,ai,biggan,biggan_00077.png,1,1,0.9999934434890747,1
test,ai,wukong,wukong_00053.png,1,1,0.9999998807907104,1
test,ai,sdv5,sdv5_00080.png,1,1,1.0,1
test,ai,glide,glide_00035.png,1,0,0.26961103081703186,0
test,ai,adm,adm_00022.png,1,1,0.9999997615814209,1
test,ai,vqdm,vqdm_00070.png,1,0,0.3641737699508667,0
test,ai,wukong,wukong_00019.png,1,1,0.9222678542137146,1
test,ai,glide,glide_00036.png,1,1,0.9969329833984375,1
test,ai,adm,adm_00054.png,1,1,0.9999982118606567,1
test,ai,glide,glide_00060.png,1,1,0.9999985694885254,1
test,ai,adm,adm_00061.png,1,1,0.9999994039535522,1
test,ai,vqdm,vqdm_00028.png,1,1,0.9477413892745972,1
test,ai,vqdm,vqdm_00026.png,1,1,0.7981964945793152,1
test,ai,vqdm,vqdm_00054.png,1,0,0.0064981067553162575,0
test,ai,biggan,biggan_00021.png,1,1,0.861909031867981,1
test,ai,vqdm,vqdm_00005.png,1,1,0.9994416832923889,1
test,ai,glide,glide_00055.png,1,1,0.9995835423469543,1
test,ai,biggan,biggan_00075.png,1,0,0.4074104130268097,0
test,ai,wukong,wukong_00046.png,1,1,1.0,1
test,ai,wukong,wukong_00084.png,1,1,0.8859478831291199,1
test,ai,wukong,wukong_00025.png,1,1,0.9938779473304749,1
test,ai,vqdm,vqdm_00009.png,1,1,0.9963915944099426,1
test,ai,glide,glide_00019.png,1,1,1.0,1
test,ai,biggan,biggan_00040.png,1,1,1.0,1
test,ai,vqdm,vqdm_00007.png,1,1,0.9912970066070557,1
test,ai,vqdm,vqdm_00076.png,1,1,0.5260511636734009,1
test,ai,glide,glide_00066.png,1,1,0.8004692792892456,1
test,ai,biggan,biggan_00073.png,1,1,0.9999933242797852,1
test,ai,glide,glide_00072.png,1,1,0.9999998807907104,1
test,ai,midjourney,midjourney_00038.png,1,1,0.6219586133956909,1
test,ai,vqdm,vqdm_00016.png,1,0,0.0019009597599506378,0
test,ai,glide,glide_00006.png,1,1,0.9992995262145996,1
test,ai,glide,glide_00065.png,1,1,0.9999922513961792,1
test,ai,adm,adm_00055.png,1,1,0.9999918937683105,1
test,ai,midjourney,midjourney_00073.png,1,1,0.8937356472015381,1
test,ai,midjourney,midjourney_00020.png,1,1,0.8806270956993103,1
test,ai,sdv5,sdv5_00012.png,1,1,0.9998587369918823,1
test,ai,wukong,wukong_00028.png,1,1,0.9633368253707886,1
test,ai,midjourney,midjourney_00056.png,1,1,0.8985933661460876,1
test,ai,vqdm,vqdm_00067.png,1,0,0.03757670149207115,0
test,ai,adm,adm_00037.png,1,1,1.0,1
test,ai,adm,adm_00064.png,1,1,0.9996801614761353,1
test,ai,vqdm,vqdm_00084.png,1,1,0.999998927116394,1
test,ai,sdv5,sdv5_00052.png,1,1,0.9996836185455322,1
test,ai,biggan,biggan_00035.png,1,1,0.9999990463256836,1
test,ai,vqdm,vqdm_00043.png,1,1,0.9494537711143494,1
test,ai,adm,adm_00028.png,1,1,0.9993913173675537,1
test,ai,glide,glide_00027.png,1,1,0.9702061414718628,1
test,ai,sdv5,sdv5_00042.png,1,1,0.9940828680992126,1
test,ai,glide,glide_00084.png,1,1,0.9999920129776001,1
test,ai,sdv5,sdv5_00025.png,1,1,0.981006383895874,1
test,ai,adm,adm_00009.png,1,1,0.801291286945343,1
test,ai,sdv5,sdv5_00031.png,1,1,1.0,1
test,ai,wukong,wukong_00000.png,1,1,0.9914159178733826,1
test,ai,wukong,wukong_00069.png,1,1,0.7514220476150513,1
test,ai,biggan,biggan_00015.png,1,1,0.9999117851257324,1
test,ai,glide,glide_00062.png,1,1,0.9999924898147583,1
test,ai,adm,adm_00076.png,1,1,1.0,1
test,ai,vqdm,vqdm_00015.png,1,1,0.9947868585586548,1
test,ai,sdv5,sdv5_00079.png,1,1,0.9999983310699463,1
test,ai,glide,glide_00083.png,1,1,0.9999979734420776,1
test,ai,biggan,biggan_00039.png,1,1,0.9944814443588257,1
test,ai,adm,adm_00080.png,1,1,1.0,1
test,ai,midjourney,midjourney_00064.png,1,1,0.9999333620071411,1
test,ai,sdv5,sdv5_00070.png,1,1,0.9850067496299744,1
test,ai,glide,glide_00073.png,1,1,0.9999754428863525,1
test,ai,vqdm,vqdm_00018.png,1,1,0.9999979734420776,1
test,ai,adm,adm_00053.png,1,1,0.9952734112739563,1
test,ai,biggan,biggan_00084.png,1,1,0.9970946311950684,1
test,ai,adm,adm_00018.png,1,1,0.9991177916526794,1
test,ai,sdv5,sdv5_00018.png,1,1,0.9866999387741089,1
test,ai,biggan,biggan_00020.png,1,1,1.0,1
test,ai,vqdm,vqdm_00066.png,1,1,0.9989351630210876,1
test,ai,adm,adm_00048.png,1,1,0.9985466599464417,1
test,ai,glide,glide_00077.png,1,1,0.8595324754714966,1
test,ai,glide,glide_00000.png,1,1,0.9999927282333374,1
test,ai,vqdm,vqdm_00033.png,1,1,0.833644688129425,1
test,ai,glide,glide_00081.png,1,1,1.0,1
test,ai,adm,adm_00075.png,1,1,0.9997658133506775,1
test,ai,midjourney,midjourney_00012.png,1,1,0.9999572038650513,1
test,ai,glide,glide_00028.png,1,1,1.0,1
test,ai,vqdm,vqdm_00057.png,1,1,0.9999997615814209,1
test,ai,sdv5,sdv5_00068.png,1,1,0.8744204044342041,1
test,ai,vqdm,vqdm_00036.png,1,0,0.07426514476537704,0
test,ai,adm,adm_00001.png,1,1,0.9999957084655762,1
test,ai,biggan,biggan_00054.png,1,1,0.9993830919265747,1
test,ai,vqdm,vqdm_00058.png,1,1,0.9937078952789307,1
test,ai,sdv5,sdv5_00035.png,1,1,0.9936621189117432,1
test,ai,glide,glide_00018.png,1,0,0.019582899287343025,0
test,ai,adm,adm_00008.png,1,1,0.9999997615814209,1
test,ai,biggan,biggan_00067.png,1,1,0.9999898672103882,1
test,ai,glide,glide_00004.png,1,1,0.9999886751174927,1
test,ai,midjourney,midjourney_00083.png,1,1,0.9512487649917603,1
test,ai,wukong,wukong_00026.png,1,1,0.9998655319213867,1
test,ai,sdv5,sdv5_00028.png,1,1,0.6546736359596252,1
test,ai,midjourney,midjourney_00042.png,1,1,0.9999768733978271,1
test,ai,adm,adm_00060.png,1,1,0.949120819568634,1
test,ai,glide,glide_00003.png,1,1,0.9999990463256836,1
test,ai,glide,glide_00025.png,1,1,0.9999654293060303,1
test,ai,biggan,biggan_00026.png,1,1,0.9528936743736267,1
test,ai,adm,adm_00077.png,1,1,1.0,1
test,ai,adm,adm_00047.png,1,1,0.9999923706054688,1
test,ai,sdv5,sdv5_00033.png,1,1,0.9994450211524963,1
test,ai,midjourney,midjourney_00032.png,1,1,0.9818443655967712,1
test,ai,biggan,biggan_00064.png,1,1,0.9978923201560974,1
test,ai,vqdm,vqdm_00074.png,1,1,0.999997615814209,1
test,ai,biggan,biggan_00038.png,1,1,0.9993720650672913,1
test,ai,adm,adm_00082.png,1,1,1.0,1
test,ai,wukong,wukong_00007.png,1,1,0.910223126411438,1
test,ai,wukong,wukong_00060.png,1,1,1.0,1
test,ai,sdv5,sdv5_00041.png,1,1,0.9969537258148193,1
test,ai,vqdm,vqdm_00038.png,1,1,0.9990831613540649,1
test,ai,wukong,wukong_00001.png,1,1,0.9999994039535522,1
test,ai,midjourney,midjourney_00015.png,1,1,0.9999740123748779,1
test,ai,biggan,biggan_00047.png,1,1,0.9999994039535522,1
test,ai,glide,glide_00030.png,1,1,0.9995149374008179,1
test,ai,vqdm,vqdm_00047.png,1,1,0.9654088020324707,1
test,ai,sdv5,sdv5_00084.png,1,1,0.979303240776062,1
test,ai,vqdm,vqdm_00083.png,1,1,0.9943835735321045,1
test,ai,biggan,biggan_00068.png,1,1,0.9999879598617554,1
test,ai,sdv5,sdv5_00058.png,1,1,0.9547945261001587,1
test,ai,sdv5,sdv5_00006.png,1,1,0.9999860525131226,1
test,ai,biggan,biggan_00044.png,1,1,0.9994227886199951,1
test,ai,midjourney,midjourney_00003.png,1,1,0.9998173117637634,1
test,ai,sdv5,sdv5_00027.png,1,1,0.9986487030982971,1
test,ai,biggan,biggan_00072.png,1,1,0.9996212720870972,1
test,ai,vqdm,vqdm_00030.png,1,1,0.8121207356452942,1
test,ai,vqdm,vqdm_00085.png,1,1,0.8280187249183655,1
test,ai,wukong,wukong_00071.png,1,1,0.9688884615898132,1
test,ai,adm,adm_00062.png,1,1,0.9931910634040833,1
test,ai,adm,adm_00000.png,1,1,0.9997466206550598,1
test,ai,wukong,wukong_00044.png,1,1,0.9999995231628418,1
test,ai,glide,glide_00075.png,1,1,0.9976943135261536,1
test,ai,vqdm,vqdm_00040.png,1,1,0.9963968396186829,1
test,ai,wukong,wukong_00082.png,1,1,1.0,1
test,ai,midjourney,midjourney_00019.png,1,1,0.9944773316383362,1
test,ai,adm,adm_00065.png,1,1,0.9999727010726929,1
test,ai,midjourney,midjourney_00022.png,1,1,0.8933617472648621,1
test,ai,midjourney,midjourney_00052.png,1,0,0.00033117851126007736,0
test,ai,adm,adm_00046.png,1,1,1.0,1
test,ai,wukong,wukong_00048.png,1,1,0.9602013230323792,1
test,ai,vqdm,vqdm_00045.png,1,1,0.999991774559021,1
test,ai,biggan,biggan_00036.png,1,1,0.9999092817306519,1
test,ai,sdv5,sdv5_00038.png,1,1,0.9755848050117493,1
test,ai,vqdm,vqdm_00050.png,1,0,0.15301677584648132,0
test,ai,biggan,biggan_00041.png,1,1,0.9999998807907104,1
test,ai,vqdm,vqdm_00051.png,1,1,0.7729493975639343,1
test,ai,glide,glide_00054.png,1,1,0.9999395608901978,1
test,ai,sdv5,sdv5_00062.png,1,1,0.9999997615814209,1
test,ai,sdv5,sdv5_00060.png,1,1,0.9974143505096436,1
test,ai,glide,glide_00079.png,1,1,0.9929176568984985,1
test,ai,midjourney,midjourney_00004.png,1,1,0.9973613619804382,1
test,ai,wukong,wukong_00040.png,1,1,0.9452210664749146,1
test,ai,biggan,biggan_00060.png,1,1,0.9898375272750854,1
test,ai,wukong,wukong_00049.png,1,1,0.9611294269561768,1
test,ai,wukong,wukong_00035.png,1,1,0.9798129796981812,1
test,ai,adm,adm_00010.png,1,1,0.9991316199302673,1
test,ai,sdv5,sdv5_00064.png,1,1,0.7213330268859863,1
test,ai,adm,adm_00059.png,1,1,0.9999914169311523,1
test,ai,midjourney,midjourney_00048.png,1,0,0.43726688623428345,0
test,ai,midjourney,midjourney_00016.png,1,0,0.40211591124534607,0
test,ai,biggan,biggan_00007.png,1,1,0.5994108319282532,1
test,ai,glide,glide_00067.png,1,1,1.0,1
test,ai,glide,glide_00046.png,1,1,0.9998401403427124,1
test,ai,vqdm,vqdm_00053.png,1,1,0.9999995231628418,1
test,ai,adm,adm_00071.png,1,1,0.999990701675415,1
test,ai,glide,glide_00022.png,1,1,1.0,1
test,ai,sdv5,sdv5_00082.png,1,1,0.9995811581611633,1
test,ai,vqdm,vqdm_00003.png,1,1,0.6737208962440491,1
test,ai,midjourney,midjourney_00035.png,1,1,0.9964854717254639,1
test,ai,glide,glide_00031.png,1,1,1.0,1
test,ai,vqdm,vqdm_00063.png,1,1,0.6087144017219543,1
test,ai,wukong,wukong_00016.png,1,1,0.9983779191970825,1
test,ai,wukong,wukong_00054.png,1,1,0.9999240636825562,1
test,ai,biggan,biggan_00002.png,1,1,0.9999992847442627,1
test,ai,adm,adm_00049.png,1,1,1.0,1
test,ai,sdv5,sdv5_00002.png,1,1,0.9998432397842407,1
test,ai,biggan,biggan_00025.png,1,1,0.9995961785316467,1
test,ai,biggan,biggan_00071.png,1,1,1.0,1
test,ai,biggan,biggan_00051.png,1,0,0.19579827785491943,0
test,ai,wukong,wukong_00081.png,1,1,0.9290041327476501,1
test,ai,sdv5,sdv5_00022.png,1,1,0.9949199557304382,1
